{"cameraMode":{"drawMode":0,"name":"Shaded","section":"Shading Mode"},"sceneLighting":true,"audioPlay":false,"sceneViewState":{"showFog":true,"showMaterialUpdate":false,"showSkybox":true,"showFlares":true,"showImageEffects":true,"showParticleSystems":true},"in2DMode":false,"pivot":{"x":2.0882768630981447,"y":6.6106343269348148,"z":-2.1311416625976564},"rotation":{"x":0.4269639253616333,"y":0.10432621091604233,"z":-0.04966653138399124,"w":0.896876335144043},"size":22.0,"orthographic":false}