{"cameraMode":{"drawMode":0,"name":"Shaded","section":"Shading Mode"},"sceneLighting":true,"audioPlay":false,"sceneViewState":{"showFog":true,"showMaterialUpdate":false,"showSkybox":true,"showFlares":true,"showImageEffects":true,"showParticleSystems":true},"in2DMode":false,"pivot":{"x":4.805172920227051,"y":-2.5424108505249025,"z":2.170259475708008},"rotation":{"x":0.24358020722866059,"y":-0.15458297729492188,"z":0.03935861960053444,"w":0.9566923975944519},"size":23.334524154663087,"orthographic":false}