{"cameraMode":{"drawMode":0,"name":"Shaded","section":"Shading Mode"},"sceneLighting":true,"audioPlay":false,"sceneViewState":{"showFog":true,"showMaterialUpdate":false,"showSkybox":true,"showFlares":true,"showImageEffects":true,"showParticleSystems":true},"in2DMode":false,"pivot":{"x":0.3204522132873535,"y":-0.36972302198410036,"z":1.7259522676467896},"rotation":{"x":-0.1273331493139267,"y":0.7835461497306824,"z":-0.1709509938955307,"w":-0.5836271047592163},"size":2.8578848838806154,"orthographic":false}